record_type,epic_id,epic_title,epic_description,epic_status,epic_priority,epic_owner,epic_team,epic_start_date,epic_target_date,estimation_id,dev_hours,qa_hours,total_story_points,complexity,risk_level,tdd_id,tdd_title,tdd_version,tdd_status,tdd_author,tdd_last_updated,tdd_technologies,tdd_dependencies,tdd_section,story_id,story_title,story_type,story_status,story_points,story_assignee,story_sprint,acceptance_criteria,gitlab_repo,gitlab_branch,gitlab_file_path,gitlab_commit_sha,gitlab_merge_request,code_block_description,lines_of_code,code_language,last_commit_date,code_reviewer
EPIC,EPIC-001,User Authentication Service,Implement secure user authentication with JWT tokens and OAuth2 support,In Progress,Critical,john.smith@company.com,Platform,2025-01-15,2025-03-31,,,,,,,,,,,,,,,,,,,,,,,,,,,,,,,
ESTIMATION,EPIC-001,User Authentication Service,,,,,,,,EST-001,240,80,89,High,Medium,,,,,,,,,,,,,,,,,,,,,,,,,
TDD,EPIC-001,User Authentication Service,,,,,,,,,,,,,TDD-001,User Authentication Service Technical Design,2.0,Approved,jane.doe@company.com,2025-01-10,"Node.js,PostgreSQL,Redis,JWT","email-service,user-profile-service",Overview,,,,,,,,,,,,,,,
TDD,EPIC-001,User Authentication Service,,,,,,,,,,,,,TDD-001,User Authentication Service Technical Design,2.0,Approved,jane.doe@company.com,2025-01-10,"Node.js,PostgreSQL,Redis,JWT","email-service,user-profile-service",System Architecture,,,,,,,,,,,,,,,
TDD,EPIC-001,User Authentication Service,,,,,,,,,,,,,TDD-001,User Authentication Service Technical Design,2.0,Approved,jane.doe@company.com,2025-01-10,"Node.js,PostgreSQL,Redis,JWT","email-service,user-profile-service",Data Model,,,,,,,,,,,,,,,
TDD,EPIC-001,User Authentication Service,,,,,,,,,,,,,TDD-001,User Authentication Service Technical Design,2.0,Approved,jane.doe@company.com,2025-01-10,"Node.js,PostgreSQL,Redis,JWT","email-service,user-profile-service",API Endpoints,,,,,,,,,,,,,,,
TDD,EPIC-001,User Authentication Service,,,,,,,,,,,,,TDD-001,User Authentication Service Technical Design,2.0,Approved,jane.doe@company.com,2025-01-10,"Node.js,PostgreSQL,Redis,JWT","email-service,user-profile-service",Security Considerations,,,,,,,,,,,,,,,
STORY,EPIC-001,User Authentication Service,,,,,,,,,,,,,TDD-001,,,,,,,"API Endpoints",AUTH-101,Implement user registration endpoint,Feature,Done,8,mike.wilson@company.com,Sprint-23,User can register with email and password;Password must meet complexity requirements;Confirmation email sent,platform/auth-service,feature/AUTH-101-registration,src/controllers/authController.js,a1b2c3d4e5f6,MR-1001,Registration endpoint with validation and email trigger,245,JavaScript,2025-02-01,sarah.jones@company.com
STORY,EPIC-001,User Authentication Service,,,,,,,,,,,,,TDD-001,,,,,,,"API Endpoints",AUTH-102,Implement login endpoint with JWT,Feature,Done,8,mike.wilson@company.com,Sprint-23,User can login with valid credentials;JWT token returned on success;Failed attempts logged,platform/auth-service,feature/AUTH-102-login,src/controllers/authController.js,b2c3d4e5f6g7,MR-1002,Login endpoint with JWT generation,189,JavaScript,2025-02-03,sarah.jones@company.com
STORY,EPIC-001,User Authentication Service,,,,,,,,,,,,,TDD-001,,,,,,,"Data Model",AUTH-103,Create users database schema,Task,Done,5,lisa.chen@company.com,Sprint-22,Users table created with all required fields;Indexes optimized for common queries;Migration scripts ready,platform/auth-service,feature/AUTH-103-schema,db/migrations/001_create_users.sql,c3d4e5f6g7h8,MR-1003,Users table with indexes and constraints,87,SQL,2025-01-25,tom.baker@company.com
STORY,EPIC-001,User Authentication Service,,,,,,,,,,,,,TDD-001,,,,,,,"Security Considerations",AUTH-104,Implement password hashing with bcrypt,Task,Done,5,mike.wilson@company.com,Sprint-22,Passwords hashed with bcrypt cost factor 12;No plaintext passwords stored;Hash verification working,platform/auth-service,feature/AUTH-104-hashing,src/utils/passwordUtils.js,d4e5f6g7h8i9,MR-1004,Bcrypt hashing utility functions,56,JavaScript,2025-01-26,sarah.jones@company.com
STORY,EPIC-001,User Authentication Service,,,,,,,,,,,,,TDD-001,,,,,,,"API Endpoints",AUTH-105,Implement password reset flow,Feature,In Progress,13,anna.garcia@company.com,Sprint-24,User can request password reset;Secure token sent via email;Token expires after 1 hour,platform/auth-service,feature/AUTH-105-reset,src/controllers/passwordController.js,e5f6g7h8i9j0,MR-1005,Password reset with secure token generation,312,JavaScript,2025-02-10,mike.wilson@company.com
STORY,EPIC-001,User Authentication Service,,,,,,,,,,,,,TDD-001,,,,,,,"System Architecture",AUTH-106,Setup Redis for session management,Task,Done,8,david.kim@company.com,Sprint-22,Redis cluster configured;Session storage implemented;TTL set to 7 days,platform/auth-service,feature/AUTH-106-redis,src/config/redisConfig.js,f6g7h8i9j0k1,MR-1006,Redis connection and session manager,134,JavaScript,2025-01-28,lisa.chen@company.com
STORY,EPIC-001,User Authentication Service,,,,,,,,,,,,,TDD-001,,,,,,,"Security Considerations",AUTH-107,Implement rate limiting,Task,In Progress,8,david.kim@company.com,Sprint-24,5 login attempts per minute per IP;Rate limit headers returned;Blocked IPs logged,platform/auth-service,feature/AUTH-107-ratelimit,src/middleware/rateLimiter.js,g7h8i9j0k1l2,MR-1007,Rate limiting middleware with Redis backend,98,JavaScript,2025-02-12,tom.baker@company.com
STORY,EPIC-001,User Authentication Service,,,,,,,,,,,,,TDD-001,,,,,,,"API Endpoints",AUTH-108,Implement logout endpoint,Feature,To Do,3,unassigned,Sprint-25,Session invalidated on logout;JWT blacklisted;Confirmation returned,platform/auth-service,feature/AUTH-108-logout,src/controllers/authController.js,pending,pending,Logout endpoint with token blacklisting,0,JavaScript,,
STORY,EPIC-001,User Authentication Service,,,,,,,,,,,,,TDD-001,,,,,,,"Data Model",AUTH-109,Create password reset tokens table,Task,Done,3,lisa.chen@company.com,Sprint-23,Tokens table created;Foreign key to users;Expiry index added,platform/auth-service,feature/AUTH-109-tokens,db/migrations/002_create_reset_tokens.sql,h8i9j0k1l2m3,MR-1008,Password reset tokens table,42,SQL,2025-02-02,tom.baker@company.com
STORY,EPIC-001,User Authentication Service,,,,,,,,,,,,,TDD-001,,,,,,,"Security Considerations",AUTH-110,Write security unit tests,Task,In Progress,8,qa.lead@company.com,Sprint-24,All auth endpoints tested;Edge cases covered;90% code coverage,platform/auth-service,feature/AUTH-110-tests,tests/auth.test.js,i9j0k1l2m3n4,MR-1009,Comprehensive auth security tests,456,JavaScript,2025-02-11,sarah.jones@company.com
EPIC,EPIC-002,Payment Processing Gateway,Build a secure payment gateway integration supporting multiple payment providers,In Progress,Critical,sarah.jones@company.com,Payments,2025-02-01,2025-04-30,,,,,,,,,,,,,,,,,,,,,,,,,,,,,,,
ESTIMATION,EPIC-002,Payment Processing Gateway,,,,,,,,EST-002,320,120,144,High,High,,,,,,,,,,,,,,,,,,,,,,,,,
TDD,EPIC-002,Payment Processing Gateway,,,,,,,,,,,,,TDD-002,Payment Gateway Technical Design,1.5,Approved,robert.taylor@company.com,2025-01-28,"Python,FastAPI,PostgreSQL,Stripe,PayPal","auth-service,order-service,notification-service",Overview,,,,,,,,,,,,,,,
TDD,EPIC-002,Payment Processing Gateway,,,,,,,,,,,,,TDD-002,Payment Gateway Technical Design,1.5,Approved,robert.taylor@company.com,2025-01-28,"Python,FastAPI,PostgreSQL,Stripe,PayPal","auth-service,order-service,notification-service",Payment Flow Architecture,,,,,,,,,,,,,,,
TDD,EPIC-002,Payment Processing Gateway,,,,,,,,,,,,,TDD-002,Payment Gateway Technical Design,1.5,Approved,robert.taylor@company.com,2025-01-28,"Python,FastAPI,PostgreSQL,Stripe,PayPal","auth-service,order-service,notification-service",Provider Integrations,,,,,,,,,,,,,,,
TDD,EPIC-002,Payment Processing Gateway,,,,,,,,,,,,,TDD-002,Payment Gateway Technical Design,1.5,Approved,robert.taylor@company.com,2025-01-28,"Python,FastAPI,PostgreSQL,Stripe,PayPal","auth-service,order-service,notification-service",Data Model,,,,,,,,,,,,,,,
TDD,EPIC-002,Payment Processing Gateway,,,,,,,,,,,,,TDD-002,Payment Gateway Technical Design,1.5,Approved,robert.taylor@company.com,2025-01-28,"Python,FastAPI,PostgreSQL,Stripe,PayPal","auth-service,order-service,notification-service",Security and PCI Compliance,,,,,,,,,,,,,,,
TDD,EPIC-002,Payment Processing Gateway,,,,,,,,,,,,,TDD-002,Payment Gateway Technical Design,1.5,Approved,robert.taylor@company.com,2025-01-28,"Python,FastAPI,PostgreSQL,Stripe,PayPal","auth-service,order-service,notification-service",Error Handling and Retry Logic,,,,,,,,,,,,,,,
STORY,EPIC-002,Payment Processing Gateway,,,,,,,,,,,,,TDD-002,,,,,,,"Provider Integrations",PAY-201,Integrate Stripe payment provider,Feature,Done,13,james.brown@company.com,Sprint-24,Stripe SDK integrated;Test and live modes supported;Webhook handler implemented,payments/gateway-service,feature/PAY-201-stripe,src/providers/stripeProvider.py,j0k1l2m3n4o5,MR-2001,Stripe integration with webhook support,534,Python,2025-02-15,emily.white@company.com
STORY,EPIC-002,Payment Processing Gateway,,,,,,,,,,,,,TDD-002,,,,,,,"Provider Integrations",PAY-202,Integrate PayPal payment provider,Feature,In Progress,13,james.brown@company.com,Sprint-25,PayPal REST API integrated;Express checkout supported;IPN handler implemented,payments/gateway-service,feature/PAY-202-paypal,src/providers/paypalProvider.py,k1l2m3n4o5p6,MR-2002,PayPal integration with IPN handling,487,Python,2025-02-20,emily.white@company.com
STORY,EPIC-002,Payment Processing Gateway,,,,,,,,,,,,,TDD-002,,,,,,,"Data Model",PAY-203,Create transactions database schema,Task,Done,8,lisa.chen@company.com,Sprint-23,Transactions table with audit trail;Indexes for reporting queries;Partitioning by date,payments/gateway-service,feature/PAY-203-schema,db/migrations/001_create_transactions.sql,l2m3n4o5p6q7,MR-2003,Transactions table with partitioning,156,SQL,2025-02-08,tom.baker@company.com
STORY,EPIC-002,Payment Processing Gateway,,,,,,,,,,,,,TDD-002,,,,,,,"Payment Flow Architecture",PAY-204,Implement payment orchestration service,Feature,In Progress,21,senior.dev@company.com,Sprint-25,Provider selection logic;Fallback handling;Transaction state machine,payments/gateway-service,feature/PAY-204-orchestration,src/services/paymentOrchestrator.py,m3n4o5p6q7r8,MR-2004,Payment orchestration with state machine,723,Python,2025-02-22,robert.taylor@company.com
STORY,EPIC-002,Payment Processing Gateway,,,,,,,,,,,,,TDD-002,,,,,,,"Security and PCI Compliance",PAY-205,Implement card tokenization,Task,Done,13,security.eng@company.com,Sprint-24,Card data never stored;Tokens generated via provider;PCI DSS compliant,payments/gateway-service,feature/PAY-205-tokenization,src/services/tokenizationService.py,n4o5p6q7r8s9,MR-2005,Tokenization service wrapper,189,Python,2025-02-14,security.lead@company.com
STORY,EPIC-002,Payment Processing Gateway,,,,,,,,,,,,,TDD-002,,,,,,,"Error Handling and Retry Logic",PAY-206,Implement retry mechanism with exponential backoff,Task,Done,8,james.brown@company.com,Sprint-24,Max 3 retries;Exponential backoff implemented;Dead letter queue for failures,payments/gateway-service,feature/PAY-206-retry,src/utils/retryHandler.py,o5p6q7r8s9t0,MR-2006,Retry mechanism with DLQ integration,234,Python,2025-02-16,emily.white@company.com
STORY,EPIC-002,Payment Processing Gateway,,,,,,,,,,,,,TDD-002,,,,,,,"Payment Flow Architecture",PAY-207,Create payment status webhook endpoint,Feature,Done,8,anna.garcia@company.com,Sprint-24,Webhook signature verification;Idempotent processing;Status updates published,payments/gateway-service,feature/PAY-207-webhook,src/controllers/webhookController.py,p6q7r8s9t0u1,MR-2007,Webhook endpoint with signature verification,312,Python,2025-02-17,james.brown@company.com
STORY,EPIC-002,Payment Processing Gateway,,,,,,,,,,,,,TDD-002,,,,,,,"Data Model",PAY-208,Create refunds table and logic,Feature,To Do,8,unassigned,Sprint-26,Partial and full refunds supported;Linked to original transaction;Audit trail maintained,payments/gateway-service,feature/PAY-208-refunds,src/services/refundService.py,pending,pending,Refund processing service,0,Python,,
STORY,EPIC-002,Payment Processing Gateway,,,,,,,,,,,,,TDD-002,,,,,,,"Security and PCI Compliance",PAY-209,Implement payment data encryption,Task,Done,5,security.eng@company.com,Sprint-23,AES-256 encryption;Key rotation supported;Encrypted at rest and in transit,payments/gateway-service,feature/PAY-209-encryption,src/utils/encryptionUtils.py,q7r8s9t0u1v2,MR-2008,Encryption utilities for payment data,145,Python,2025-02-09,security.lead@company.com
STORY,EPIC-002,Payment Processing Gateway,,,,,,,,,,,,,TDD-002,,,,,,,"Security and PCI Compliance",PAY-210,Payment integration tests,Task,In Progress,13,qa.engineer@company.com,Sprint-25,All payment flows tested;Provider mocks implemented;95% coverage target,payments/gateway-service,feature/PAY-210-tests,tests/payment_integration_test.py,r8s9t0u1v2w3,MR-2009,Integration tests for payment flows,678,Python,2025-02-21,emily.white@company.com
EPIC,EPIC-003,Real-time Notification System,Build a scalable notification system supporting email SMS and push notifications,Planning,High,emily.white@company.com,Platform,2025-03-01,2025-05-15,,,,,,,,,,,,,,,,,,,,,,,,,,,,,,,
ESTIMATION,EPIC-003,Real-time Notification System,,,,,,,,EST-003,200,60,72,Medium,Low,,,,,,,,,,,,,,,,,,,,,,,,,
TDD,EPIC-003,Real-time Notification System,,,,,,,,,,,,,TDD-003,Notification System Technical Design,1.0,Draft,emily.white@company.com,2025-02-25,"Go,Kafka,Redis,Firebase,Twilio,SendGrid","auth-service,user-service",Overview,,,,,,,,,,,,,,,
TDD,EPIC-003,Real-time Notification System,,,,,,,,,,,,,TDD-003,Notification System Technical Design,1.0,Draft,emily.white@company.com,2025-02-25,"Go,Kafka,Redis,Firebase,Twilio,SendGrid","auth-service,user-service",Event-Driven Architecture,,,,,,,,,,,,,,,
TDD,EPIC-003,Real-time Notification System,,,,,,,,,,,,,TDD-003,Notification System Technical Design,1.0,Draft,emily.white@company.com,2025-02-25,"Go,Kafka,Redis,Firebase,Twilio,SendGrid","auth-service,user-service",Channel Providers,,,,,,,,,,,,,,,
TDD,EPIC-003,Real-time Notification System,,,,,,,,,,,,,TDD-003,Notification System Technical Design,1.0,Draft,emily.white@company.com,2025-02-25,"Go,Kafka,Redis,Firebase,Twilio,SendGrid","auth-service,user-service",Template Management,,,,,,,,,,,,,,,
TDD,EPIC-003,Real-time Notification System,,,,,,,,,,,,,TDD-003,Notification System Technical Design,1.0,Draft,emily.white@company.com,2025-02-25,"Go,Kafka,Redis,Firebase,Twilio,SendGrid","auth-service,user-service",Delivery Tracking,,,,,,,,,,,,,,,
STORY,EPIC-003,Real-time Notification System,,,,,,,,,,,,,TDD-003,,,,,,,"Event-Driven Architecture",NOTIF-301,Setup Kafka event consumers,Task,To Do,13,unassigned,Sprint-27,Kafka consumers for notification events;Consumer groups configured;Dead letter handling,platform/notification-service,feature/NOTIF-301-kafka,src/consumers/notificationConsumer.go,pending,pending,Kafka consumer setup,0,Go,,
STORY,EPIC-003,Real-time Notification System,,,,,,,,,,,,,TDD-003,,,,,,,"Channel Providers",NOTIF-302,Integrate SendGrid for email,Feature,To Do,8,unassigned,Sprint-27,SendGrid API integrated;Template support;Bounce handling,platform/notification-service,feature/NOTIF-302-sendgrid,src/providers/sendgridProvider.go,pending,pending,SendGrid email integration,0,Go,,
STORY,EPIC-003,Real-time Notification System,,,,,,,,,,,,,TDD-003,,,,,,,"Channel Providers",NOTIF-303,Integrate Twilio for SMS,Feature,To Do,8,unassigned,Sprint-28,Twilio API integrated;International support;Delivery receipts,platform/notification-service,feature/NOTIF-303-twilio,src/providers/twilioProvider.go,pending,pending,Twilio SMS integration,0,Go,,
STORY,EPIC-003,Real-time Notification System,,,,,,,,,,,,,TDD-003,,,,,,,"Channel Providers",NOTIF-304,Integrate Firebase for push notifications,Feature,To Do,8,unassigned,Sprint-28,FCM integrated;iOS and Android support;Topic subscriptions,platform/notification-service,feature/NOTIF-304-firebase,src/providers/firebaseProvider.go,pending,pending,Firebase push notification integration,0,Go,,
STORY,EPIC-003,Real-time Notification System,,,,,,,,,,,,,TDD-003,,,,,,,"Template Management",NOTIF-305,Build notification template engine,Feature,To Do,13,unassigned,Sprint-29,Handlebars templates;Multi-language support;Preview functionality,platform/notification-service,feature/NOTIF-305-templates,src/services/templateEngine.go,pending,pending,Template engine with i18n,0,Go,,
STORY,EPIC-003,Real-time Notification System,,,,,,,,,,,,,TDD-003,,,,,,,"Delivery Tracking",NOTIF-306,Implement delivery status tracking,Feature,To Do,8,unassigned,Sprint-29,Status callbacks from providers;Retry failed deliveries;Analytics dashboard data,platform/notification-service,feature/NOTIF-306-tracking,src/services/deliveryTracker.go,pending,pending,Delivery tracking service,0,Go,,
STORY,EPIC-003,Real-time Notification System,,,,,,,,,,,,,TDD-003,,,,,,,"Event-Driven Architecture",NOTIF-307,Create notification preferences API,Feature,To Do,5,unassigned,Sprint-27,Users can set preferences;Channel opt-out support;Quiet hours configuration,platform/notification-service,feature/NOTIF-307-preferences,src/controllers/preferencesController.go,pending,pending,User notification preferences API,0,Go,,
EPIC,EPIC-004,Product Catalog Service,Develop a high-performance product catalog with search and filtering capabilities,In Progress,High,tom.baker@company.com,Commerce,2025-01-20,2025-04-15,,,,,,,,,,,,,,,,,,,,,,,,,,,,,,,
ESTIMATION,EPIC-004,Product Catalog Service,,,,,,,,EST-004,280,100,110,High,Medium,,,,,,,,,,,,,,,,,,,,,,,,,
TDD,EPIC-004,Product Catalog Service,,,,,,,,,,,,,TDD-004,Product Catalog Technical Design,1.2,Approved,tom.baker@company.com,2025-01-18,"Java,Spring Boot,Elasticsearch,PostgreSQL,Redis","inventory-service,pricing-service,image-service",Overview,,,,,,,,,,,,,,,
TDD,EPIC-004,Product Catalog Service,,,,,,,,,,,,,TDD-004,Product Catalog Technical Design,1.2,Approved,tom.baker@company.com,2025-01-18,"Java,Spring Boot,Elasticsearch,PostgreSQL,Redis","inventory-service,pricing-service,image-service",Search Architecture,,,,,,,,,,,,,,,
TDD,EPIC-004,Product Catalog Service,,,,,,,,,,,,,TDD-004,Product Catalog Technical Design,1.2,Approved,tom.baker@company.com,2025-01-18,"Java,Spring Boot,Elasticsearch,PostgreSQL,Redis","inventory-service,pricing-service,image-service",Data Model,,,,,,,,,,,,,,,
TDD,EPIC-004,Product Catalog Service,,,,,,,,,,,,,TDD-004,Product Catalog Technical Design,1.2,Approved,tom.baker@company.com,2025-01-18,"Java,Spring Boot,Elasticsearch,PostgreSQL,Redis","inventory-service,pricing-service,image-service",Caching Strategy,,,,,,,,,,,,,,,
TDD,EPIC-004,Product Catalog Service,,,,,,,,,,,,,TDD-004,Product Catalog Technical Design,1.2,Approved,tom.baker@company.com,2025-01-18,"Java,Spring Boot,Elasticsearch,PostgreSQL,Redis","inventory-service,pricing-service,image-service",API Design,,,,,,,,,,,,,,,
STORY,EPIC-004,Product Catalog Service,,,,,,,,,,,,,TDD-004,,,,,,,"Data Model",CAT-401,Create product database schema,Task,Done,8,db.admin@company.com,Sprint-22,Products table with categories;Attributes as JSONB;Full-text search indexes,commerce/catalog-service,feature/CAT-401-schema,src/main/resources/db/migration/V1__create_products.sql,s9t0u1v2w3x4,MR-4001,Product schema with JSONB attributes,234,SQL,2025-01-28,tom.baker@company.com
STORY,EPIC-004,Product Catalog Service,,,,,,,,,,,,,TDD-004,,,,,,,"Search Architecture",CAT-402,Setup Elasticsearch cluster and indexing,Task,Done,13,devops.eng@company.com,Sprint-23,ES cluster deployed;Product index mapping;Bulk indexing pipeline,commerce/catalog-service,feature/CAT-402-elasticsearch,src/main/java/com/company/catalog/search/ProductIndexer.java,t0u1v2w3x4y5,MR-4002,Elasticsearch indexer with bulk operations,456,Java,2025-02-05,senior.dev@company.com
STORY,EPIC-004,Product Catalog Service,,,,,,,,,,,,,TDD-004,,,,,,,"Search Architecture",CAT-403,Implement product search API,Feature,Done,13,backend.dev@company.com,Sprint-24,Full-text search;Faceted filtering;Relevance scoring,commerce/catalog-service,feature/CAT-403-search,src/main/java/com/company/catalog/controller/SearchController.java,u1v2w3x4y5z6,MR-4003,Search API with facets and scoring,567,Java,2025-02-12,tom.baker@company.com
STORY,EPIC-004,Product Catalog Service,,,,,,,,,,,,,TDD-004,,,,,,,"Caching Strategy",CAT-404,Implement Redis caching layer,Task,Done,8,backend.dev@company.com,Sprint-24,Product cache with 1hr TTL;Cache invalidation on update;Cache warming on deploy,commerce/catalog-service,feature/CAT-404-caching,src/main/java/com/company/catalog/cache/ProductCacheService.java,v2w3x4y5z6a7,MR-4004,Redis caching with invalidation,289,Java,2025-02-14,senior.dev@company.com
STORY,EPIC-004,Product Catalog Service,,,,,,,,,,,,,TDD-004,,,,,,,"API Design",CAT-405,Create product CRUD endpoints,Feature,Done,8,backend.dev@company.com,Sprint-23,Create/Read/Update/Delete products;Validation rules;Audit logging,commerce/catalog-service,feature/CAT-405-crud,src/main/java/com/company/catalog/controller/ProductController.java,w3x4y5z6a7b8,MR-4005,Product CRUD with validation,423,Java,2025-02-06,tom.baker@company.com
STORY,EPIC-004,Product Catalog Service,,,,,,,,,,,,,TDD-004,,,,,,,"API Design",CAT-406,Implement category management,Feature,In Progress,8,backend.dev@company.com,Sprint-25,Hierarchical categories;Category tree API;Product-category associations,commerce/catalog-service,feature/CAT-406-categories,src/main/java/com/company/catalog/service/CategoryService.java,x4y5z6a7b8c9,MR-4006,Category management with hierarchy,345,Java,2025-02-18,senior.dev@company.com
STORY,EPIC-004,Product Catalog Service,,,,,,,,,,,,,TDD-004,,,,,,,"Search Architecture",CAT-407,Add autocomplete search suggestions,Feature,In Progress,5,frontend.dev@company.com,Sprint-25,Prefix matching;Popular searches;Recent searches per user,commerce/catalog-service,feature/CAT-407-autocomplete,src/main/java/com/company/catalog/search/AutocompleteService.java,y5z6a7b8c9d0,MR-4007,Autocomplete with prefix matching,198,Java,2025-02-19,backend.dev@company.com
STORY,EPIC-004,Product Catalog Service,,,,,,,,,,,,,TDD-004,,,,,,,"Data Model",CAT-408,Implement product variants,Feature,To Do,13,unassigned,Sprint-26,Size/color variants;SKU management;Inventory linkage,commerce/catalog-service,feature/CAT-408-variants,src/main/java/com/company/catalog/model/ProductVariant.java,pending,pending,Product variants model,0,Java,,
STORY,EPIC-004,Product Catalog Service,,,,,,,,,,,,,TDD-004,,,,,,,"Caching Strategy",CAT-409,Write catalog service tests,Task,In Progress,8,qa.engineer@company.com,Sprint-25,Unit and integration tests;Search accuracy tests;Performance benchmarks,commerce/catalog-service,feature/CAT-409-tests,src/test/java/com/company/catalog/CatalogServiceTest.java,z6a7b8c9d0e1,MR-4008,Comprehensive catalog tests,534,Java,2025-02-20,tom.baker@company.com
EPIC,EPIC-005,Order Management System,Build comprehensive order lifecycle management from creation to fulfillment,In Progress,Critical,robert.taylor@company.com,Commerce,2025-02-01,2025-05-01,,,,,,,,,,,,,,,,,,,,,,,,,,,,,,,
ESTIMATION,EPIC-005,Order Management System,,,,,,,,EST-005,360,140,165,High,High,,,,,,,,,,,,,,,,,,,,,,,,,
TDD,EPIC-005,Order Management System,,,,,,,,,,,,,TDD-005,Order Management Technical Design,2.1,Approved,robert.taylor@company.com,2025-01-30,"Java,Spring Boot,PostgreSQL,Kafka,Redis","payment-service,inventory-service,shipping-service,notification-service",Overview,,,,,,,,,,,,,,,
TDD,EPIC-005,Order Management System,,,,,,,,,,,,,TDD-005,Order Management Technical Design,2.1,Approved,robert.taylor@company.com,2025-01-30,"Java,Spring Boot,PostgreSQL,Kafka,Redis","payment-service,inventory-service,shipping-service,notification-service",Order State Machine,,,,,,,,,,,,,,,
TDD,EPIC-005,Order Management System,,,,,,,,,,,,,TDD-005,Order Management Technical Design,2.1,Approved,robert.taylor@company.com,2025-01-30,"Java,Spring Boot,PostgreSQL,Kafka,Redis","payment-service,inventory-service,shipping-service,notification-service",Data Model,,,,,,,,,,,,,,,
TDD,EPIC-005,Order Management System,,,,,,,,,,,,,TDD-005,Order Management Technical Design,2.1,Approved,robert.taylor@company.com,2025-01-30,"Java,Spring Boot,PostgreSQL,Kafka,Redis","payment-service,inventory-service,shipping-service,notification-service",Integration Points,,,,,,,,,,,,,,,
TDD,EPIC-005,Order Management System,,,,,,,,,,,,,TDD-005,Order Management Technical Design,2.1,Approved,robert.taylor@company.com,2025-01-30,"Java,Spring Boot,PostgreSQL,Kafka,Redis","payment-service,inventory-service,shipping-service,notification-service",Event Publishing,,,,,,,,,,,,,,,
STORY,EPIC-005,Order Management System,,,,,,,,,,,,,TDD-005,,,,,,,"Data Model",ORD-501,Create orders database schema,Task,Done,8,db.admin@company.com,Sprint-23,Orders and order_items tables;Status history tracking;Indexes for common queries,commerce/order-service,feature/ORD-501-schema,src/main/resources/db/migration/V1__create_orders.sql,a7b8c9d0e1f2,MR-5001,Orders schema with history,287,SQL,2025-02-08,robert.taylor@company.com
STORY,EPIC-005,Order Management System,,,,,,,,,,,,,TDD-005,,,,,,,"Order State Machine",ORD-502,Implement order state machine,Feature,Done,13,senior.java@company.com,Sprint-24,States: pending/confirmed/processing/shipped/delivered/cancelled;Valid transitions enforced;State change events,commerce/order-service,feature/ORD-502-statemachine,src/main/java/com/company/order/state/OrderStateMachine.java,b8c9d0e1f2g3,MR-5002,Order state machine implementation,456,Java,2025-02-15,robert.taylor@company.com
STORY,EPIC-005,Order Management System,,,,,,,,,,,,,TDD-005,,,,,,,"Integration Points",ORD-503,Integrate with payment service,Feature,Done,8,backend.dev@company.com,Sprint-24,Payment initiation;Status callbacks;Refund handling,commerce/order-service,feature/ORD-503-payment,src/main/java/com/company/order/integration/PaymentClient.java,c9d0e1f2g3h4,MR-5003,Payment service integration,234,Java,2025-02-16,senior.java@company.com
STORY,EPIC-005,Order Management System,,,,,,,,,,,,,TDD-005,,,,,,,"Integration Points",ORD-504,Integrate with inventory service,Feature,Done,8,backend.dev@company.com,Sprint-24,Stock reservation;Release on cancel;Low stock alerts,commerce/order-service,feature/ORD-504-inventory,src/main/java/com/company/order/integration/InventoryClient.java,d0e1f2g3h4i5,MR-5004,Inventory service integration,198,Java,2025-02-17,senior.java@company.com
STORY,EPIC-005,Order Management System,,,,,,,,,,,,,TDD-005,,,,,,,"Event Publishing",ORD-505,Setup Kafka event publishing,Task,Done,8,devops.eng@company.com,Sprint-23,Order events to Kafka;Event schemas defined;Consumer documentation,commerce/order-service,feature/ORD-505-kafka,src/main/java/com/company/order/events/OrderEventPublisher.java,e1f2g3h4i5j6,MR-5005,Kafka event publisher,189,Java,2025-02-09,robert.taylor@company.com
STORY,EPIC-005,Order Management System,,,,,,,,,,,,,TDD-005,,,,,,,"Order State Machine",ORD-506,Create order API endpoints,Feature,Done,13,backend.dev@company.com,Sprint-25,Create/Get/Update/Cancel orders;Order history;Bulk operations,commerce/order-service,feature/ORD-506-api,src/main/java/com/company/order/controller/OrderController.java,f2g3h4i5j6k7,MR-5006,Order REST API,534,Java,2025-02-22,senior.java@company.com
STORY,EPIC-005,Order Management System,,,,,,,,,,,,,TDD-005,,,,,,,"Integration Points",ORD-507,Implement shipping integration,Feature,In Progress,13,backend.dev@company.com,Sprint-26,Multi-carrier support;Label generation;Tracking updates,commerce/order-service,feature/ORD-507-shipping,src/main/java/com/company/order/integration/ShippingClient.java,g3h4i5j6k7l8,MR-5007,Shipping carrier integration,423,Java,2025-02-25,senior.java@company.com
STORY,EPIC-005,Order Management System,,,,,,,,,,,,,TDD-005,,,,,,,"Data Model",ORD-508,Implement order returns,Feature,To Do,13,unassigned,Sprint-27,Return request flow;RMA number generation;Refund trigger,commerce/order-service,feature/ORD-508-returns,src/main/java/com/company/order/service/ReturnService.java,pending,pending,Returns management service,0,Java,,
STORY,EPIC-005,Order Management System,,,,,,,,,,,,,TDD-005,,,,,,,"Event Publishing",ORD-509,Order service integration tests,Task,In Progress,13,qa.engineer@company.com,Sprint-26,Full order flow tests;State transition tests;Integration mocks,commerce/order-service,feature/ORD-509-tests,src/test/java/com/company/order/OrderServiceIntegrationTest.java,h4i5j6k7l8m9,MR-5008,Order flow integration tests,678,Java,2025-02-24,robert.taylor@company.com
EPIC,EPIC-006,Customer Analytics Dashboard,Create real-time analytics dashboard for customer behavior and sales metrics,Planning,Medium,analytics.lead@company.com,Analytics,2025-03-15,2025-06-01,,,,,,,,,,,,,,,,,,,,,,,,,,,,,,,
ESTIMATION,EPIC-006,Customer Analytics Dashboard,,,,,,,,EST-006,220,80,89,Medium,Low,,,,,,,,,,,,,,,,,,,,,,,,,
TDD,EPIC-006,Customer Analytics Dashboard,,,,,,,,,,,,,TDD-006,Analytics Dashboard Technical Design,1.0,Draft,analytics.lead@company.com,2025-03-01,"React,TypeScript,D3.js,ClickHouse,Apache Spark","data-warehouse,user-service,order-service",Overview,,,,,,,,,,,,,,,
TDD,EPIC-006,Customer Analytics Dashboard,,,,,,,,,,,,,TDD-006,Analytics Dashboard Technical Design,1.0,Draft,analytics.lead@company.com,2025-03-01,"React,TypeScript,D3.js,ClickHouse,Apache Spark","data-warehouse,user-service,order-service",Data Pipeline Architecture,,,,,,,,,,,,,,,
TDD,EPIC-006,Customer Analytics Dashboard,,,,,,,,,,,,,TDD-006,Analytics Dashboard Technical Design,1.0,Draft,analytics.lead@company.com,2025-03-01,"React,TypeScript,D3.js,ClickHouse,Apache Spark","data-warehouse,user-service,order-service",Dashboard Components,,,,,,,,,,,,,,,
TDD,EPIC-006,Customer Analytics Dashboard,,,,,,,,,,,,,TDD-006,Analytics Dashboard Technical Design,1.0,Draft,analytics.lead@company.com,2025-03-01,"React,TypeScript,D3.js,ClickHouse,Apache Spark","data-warehouse,user-service,order-service",Real-time Metrics,,,,,,,,,,,,,,,
TDD,EPIC-006,Customer Analytics Dashboard,,,,,,,,,,,,,TDD-006,Analytics Dashboard Technical Design,1.0,Draft,analytics.lead@company.com,2025-03-01,"React,TypeScript,D3.js,ClickHouse,Apache Spark","data-warehouse,user-service,order-service",Report Generation,,,,,,,,,,,,,,,
STORY,EPIC-006,Customer Analytics Dashboard,,,,,,,,,,,,,TDD-006,,,,,,,"Data Pipeline Architecture",DASH-601,Setup ClickHouse for analytics data,Task,To Do,13,unassigned,Sprint-28,ClickHouse cluster deployed;Materialized views;Data retention policies,analytics/dashboard-service,feature/DASH-601-clickhouse,infrastructure/clickhouse/schema.sql,pending,pending,ClickHouse setup and schema,0,SQL,,
STORY,EPIC-006,Customer Analytics Dashboard,,,,,,,,,,,,,TDD-006,,,,,,,"Data Pipeline Architecture",DASH-602,Build Spark ETL pipeline,Task,To Do,21,unassigned,Sprint-28,Daily ETL jobs;Incremental processing;Data quality checks,analytics/dashboard-service,feature/DASH-602-spark,src/etl/customer_metrics_job.py,pending,pending,Spark ETL for customer metrics,0,Python,,
STORY,EPIC-006,Customer Analytics Dashboard,,,,,,,,,,,,,TDD-006,,,,,,,"Dashboard Components",DASH-603,Create sales overview dashboard,Feature,To Do,13,unassigned,Sprint-29,Revenue charts;Order trends;Top products widget,analytics/dashboard-service,feature/DASH-603-sales,src/components/SalesOverview.tsx,pending,pending,Sales dashboard React component,0,TypeScript,,
STORY,EPIC-006,Customer Analytics Dashboard,,,,,,,,,,,,,TDD-006,,,,,,,"Dashboard Components",DASH-604,Build customer segmentation view,Feature,To Do,13,unassigned,Sprint-29,RFM segmentation;Cohort analysis;Customer lifetime value,analytics/dashboard-service,feature/DASH-604-segments,src/components/CustomerSegments.tsx,pending,pending,Customer segmentation dashboard,0,TypeScript,,
STORY,EPIC-006,Customer Analytics Dashboard,,,,,,,,,,,,,TDD-006,,,,,,,"Real-time Metrics",DASH-605,Implement real-time metrics streaming,Feature,To Do,13,unassigned,Sprint-30,WebSocket updates;Live order counter;Active users gauge,analytics/dashboard-service,feature/DASH-605-realtime,src/services/realtimeMetrics.ts,pending,pending,Real-time metrics service,0,TypeScript,,
STORY,EPIC-006,Customer Analytics Dashboard,,,,,,,,,,,,,TDD-006,,,,,,,"Report Generation",DASH-606,Create scheduled report generator,Feature,To Do,8,unassigned,Sprint-30,Daily/weekly/monthly reports;PDF export;Email delivery,analytics/dashboard-service,feature/DASH-606-reports,src/services/reportGenerator.ts,pending,pending,Report generation service,0,TypeScript,,
EPIC,EPIC-007,API Gateway Modernization,Migrate from legacy API gateway to Kong with improved rate limiting and auth,In Progress,High,devops.lead@company.com,Infrastructure,2025-02-15,2025-04-30,,,,,,,,,,,,,,,,,,,,,,,,,,,,,,,
ESTIMATION,EPIC-007,API Gateway Modernization,,,,,,,,EST-007,180,60,68,Medium,High,,,,,,,,,,,,,,,,,,,,,,,,,
TDD,EPIC-007,API Gateway Modernization,,,,,,,,,,,,,TDD-007,API Gateway Migration Technical Design,1.1,Approved,devops.lead@company.com,2025-02-10,"Kong,Lua,PostgreSQL,Redis,Kubernetes","all-services",Overview,,,,,,,,,,,,,,,
TDD,EPIC-007,API Gateway Modernization,,,,,,,,,,,,,TDD-007,API Gateway Migration Technical Design,1.1,Approved,devops.lead@company.com,2025-02-10,"Kong,Lua,PostgreSQL,Redis,Kubernetes","all-services",Kong Architecture,,,,,,,,,,,,,,,
TDD,EPIC-007,API Gateway Modernization,,,,,,,,,,,,,TDD-007,API Gateway Migration Technical Design,1.1,Approved,devops.lead@company.com,2025-02-10,"Kong,Lua,PostgreSQL,Redis,Kubernetes","all-services",Plugin Configuration,,,,,,,,,,,,,,,
TDD,EPIC-007,API Gateway Modernization,,,,,,,,,,,,,TDD-007,API Gateway Migration Technical Design,1.1,Approved,devops.lead@company.com,2025-02-10,"Kong,Lua,PostgreSQL,Redis,Kubernetes","all-services",Migration Strategy,,,,,,,,,,,,,,,
TDD,EPIC-007,API Gateway Modernization,,,,,,,,,,,,,TDD-007,API Gateway Migration Technical Design,1.1,Approved,devops.lead@company.com,2025-02-10,"Kong,Lua,PostgreSQL,Redis,Kubernetes","all-services",Monitoring and Observability,,,,,,,,,,,,,,,
STORY,EPIC-007,API Gateway Modernization,,,,,,,,,,,,,TDD-007,,,,,,,"Kong Architecture",GW-701,Deploy Kong cluster on Kubernetes,Task,Done,13,devops.eng@company.com,Sprint-24,Kong deployed in HA mode;PostgreSQL for config;Helm charts created,infrastructure/api-gateway,feature/GW-701-kong,helm/kong/values.yaml,i5j6k7l8m9n0,MR-7001,Kong Kubernetes deployment,345,YAML,2025-02-20,devops.lead@company.com
STORY,EPIC-007,API Gateway Modernization,,,,,,,,,,,,,TDD-007,,,,,,,"Plugin Configuration",GW-702,Configure rate limiting plugin,Task,Done,5,devops.eng@company.com,Sprint-24,Per-consumer limits;Redis backend;429 responses configured,infrastructure/api-gateway,feature/GW-702-ratelimit,kong/plugins/rate-limiting.yaml,j6k7l8m9n0o1,MR-7002,Rate limiting configuration,89,YAML,2025-02-21,devops.lead@company.com
STORY,EPIC-007,API Gateway Modernization,,,,,,,,,,,,,TDD-007,,,,,,,"Plugin Configuration",GW-703,Configure JWT authentication plugin,Task,Done,8,devops.eng@company.com,Sprint-25,JWT validation;JWKS endpoint;Token refresh handling,infrastructure/api-gateway,feature/GW-703-jwt,kong/plugins/jwt-auth.yaml,k7l8m9n0o1p2,MR-7003,JWT plugin configuration,123,YAML,2025-02-25,security.eng@company.com
STORY,EPIC-007,API Gateway Modernization,,,,,,,,,,,,,TDD-007,,,,,,,"Migration Strategy",GW-704,Create service route configurations,Task,In Progress,13,devops.eng@company.com,Sprint-26,All services registered;Path-based routing;Load balancing configured,infrastructure/api-gateway,feature/GW-704-routes,kong/services/routes.yaml,l8m9n0o1p2q3,MR-7004,Service routes configuration,456,YAML,2025-02-28,devops.lead@company.com
STORY,EPIC-007,API Gateway Modernization,,,,,,,,,,,,,TDD-007,,,,,,,"Migration Strategy",GW-705,Implement traffic shadowing,Task,To Do,8,unassigned,Sprint-27,Shadow traffic to new gateway;Compare responses;No customer impact,infrastructure/api-gateway,feature/GW-705-shadow,kong/plugins/shadow-traffic.lua,pending,pending,Traffic shadowing plugin,0,Lua,,
STORY,EPIC-007,API Gateway Modernization,,,,,,,,,,,,,TDD-007,,,,,,,"Monitoring and Observability",GW-706,Setup Prometheus metrics,Task,Done,5,devops.eng@company.com,Sprint-25,Request metrics exported;Latency histograms;Error rate tracking,infrastructure/api-gateway,feature/GW-706-prometheus,kong/plugins/prometheus.yaml,m9n0o1p2q3r4,MR-7005,Prometheus metrics plugin,67,YAML,2025-02-26,devops.lead@company.com
STORY,EPIC-007,API Gateway Modernization,,,,,,,,,,,,,TDD-007,,,,,,,"Monitoring and Observability",GW-707,Create Grafana dashboards,Task,In Progress,5,devops.eng@company.com,Sprint-26,Gateway overview dashboard;Service-level dashboards;Alert rules,infrastructure/api-gateway,feature/GW-707-grafana,grafana/dashboards/api-gateway.json,n0o1p2q3r4s5,MR-7006,Grafana dashboard definitions,234,JSON,2025-02-27,devops.lead@company.com
EPIC,EPIC-008,Mobile App Backend,Build backend services to support iOS and Android mobile applications,In Progress,High,mobile.lead@company.com,Mobile,2025-01-25,2025-04-20,,,,,,,,,,,,,,,,,,,,,,,,,,,,,,,
ESTIMATION,EPIC-008,Mobile App Backend,,,,,,,,EST-008,300,100,118,High,Medium,,,,,,,,,,,,,,,,,,,,,,,,,
TDD,EPIC-008,Mobile App Backend,,,,,,,,,,,,,TDD-008,Mobile Backend Technical Design,1.3,Approved,mobile.lead@company.com,2025-01-22,"Node.js,GraphQL,PostgreSQL,Redis,Firebase","auth-service,catalog-service,order-service,notification-service",Overview,,,,,,,,,,,,,,,
TDD,EPIC-008,Mobile App Backend,,,,,,,,,,,,,TDD-008,Mobile Backend Technical Design,1.3,Approved,mobile.lead@company.com,2025-01-22,"Node.js,GraphQL,PostgreSQL,Redis,Firebase","auth-service,catalog-service,order-service,notification-service",GraphQL Schema Design,,,,,,,,,,,,,,,
TDD,EPIC-008,Mobile App Backend,,,,,,,,,,,,,TDD-008,Mobile Backend Technical Design,1.3,Approved,mobile.lead@company.com,2025-01-22,"Node.js,GraphQL,PostgreSQL,Redis,Firebase","auth-service,catalog-service,order-service,notification-service",Mobile-Specific Optimizations,,,,,,,,,,,,,,,
TDD,EPIC-008,Mobile App Backend,,,,,,,,,,,,,TDD-008,Mobile Backend Technical Design,1.3,Approved,mobile.lead@company.com,2025-01-22,"Node.js,GraphQL,PostgreSQL,Redis,Firebase","auth-service,catalog-service,order-service,notification-service",Offline Support,,,,,,,,,,,,,,,
TDD,EPIC-008,Mobile App Backend,,,,,,,,,,,,,TDD-008,Mobile Backend Technical Design,1.3,Approved,mobile.lead@company.com,2025-01-22,"Node.js,GraphQL,PostgreSQL,Redis,Firebase","auth-service,catalog-service,order-service,notification-service",Push Notification Integration,,,,,,,,,,,,,,,
STORY,EPIC-008,Mobile App Backend,,,,,,,,,,,,,TDD-008,,,,,,,"GraphQL Schema Design",MOB-801,Setup GraphQL server with Apollo,Task,Done,8,backend.dev@company.com,Sprint-23,Apollo Server configured;Schema stitching;Playground enabled,mobile/backend-service,feature/MOB-801-graphql,src/graphql/server.js,o1p2q3r4s5t6,MR-8001,Apollo GraphQL server setup,234,JavaScript,2025-02-01,mobile.lead@company.com
STORY,EPIC-008,Mobile App Backend,,,,,,,,,,,,,TDD-008,,,,,,,"GraphQL Schema Design",MOB-802,Define product queries and mutations,Feature,Done,8,backend.dev@company.com,Sprint-23,Product query;Product list with pagination;Search query,mobile/backend-service,feature/MOB-802-products,src/graphql/resolvers/productResolver.js,p2q3r4s5t6u7,MR-8002,Product GraphQL resolvers,345,JavaScript,2025-02-03,mobile.lead@company.com
STORY,EPIC-008,Mobile App Backend,,,,,,,,,,,,,TDD-008,,,,,,,"GraphQL Schema Design",MOB-803,Define order queries and mutations,Feature,Done,13,backend.dev@company.com,Sprint-24,Create order mutation;Order history query;Order status subscription,mobile/backend-service,feature/MOB-803-orders,src/graphql/resolvers/orderResolver.js,q3r4s5t6u7v8,MR-8003,Order GraphQL resolvers,456,JavaScript,2025-02-10,mobile.lead@company.com
STORY,EPIC-008,Mobile App Backend,,,,,,,,,,,,,TDD-008,,,,,,,"Mobile-Specific Optimizations",MOB-804,Implement response compression,Task,Done,5,backend.dev@company.com,Sprint-24,Gzip compression;Field selection;Persisted queries,mobile/backend-service,feature/MOB-804-compression,src/middleware/compression.js,r4s5t6u7v8w9,MR-8004,Response compression middleware,89,JavaScript,2025-02-11,senior.dev@company.com
STORY,EPIC-008,Mobile App Backend,,,,,,,,,,,,,TDD-008,,,,,,,"Mobile-Specific Optimizations",MOB-805,Add image optimization endpoint,Feature,Done,8,backend.dev@company.com,Sprint-25,On-the-fly resizing;WebP conversion;CDN integration,mobile/backend-service,feature/MOB-805-images,src/services/imageOptimizer.js,s5t6u7v8w9x0,MR-8005,Image optimization service,234,JavaScript,2025-02-18,mobile.lead@company.com
STORY,EPIC-008,Mobile App Backend,,,,,,,,,,,,,TDD-008,,,,,,,"Offline Support",MOB-806,Implement sync endpoint for offline data,Feature,In Progress,13,backend.dev@company.com,Sprint-26,Delta sync support;Conflict resolution;Batch operations,mobile/backend-service,feature/MOB-806-sync,src/services/syncService.js,t6u7v8w9x0y1,MR-8006,Offline sync service,456,JavaScript,2025-02-25,mobile.lead@company.com
STORY,EPIC-008,Mobile App Backend,,,,,,,,,,,,,TDD-008,,,,,,,"Push Notification Integration",MOB-807,Integrate Firebase Cloud Messaging,Feature,Done,8,backend.dev@company.com,Sprint-25,FCM token management;Topic subscriptions;Silent notifications,mobile/backend-service,feature/MOB-807-fcm,src/services/pushNotificationService.js,u7v8w9x0y1z2,MR-8007,FCM integration service,289,JavaScript,2025-02-19,mobile.lead@company.com
STORY,EPIC-008,Mobile App Backend,,,,,,,,,,,,,TDD-008,,,,,,,"GraphQL Schema Design",MOB-808,Add user profile management,Feature,In Progress,8,backend.dev@company.com,Sprint-26,Profile query/mutation;Address management;Preferences storage,mobile/backend-service,feature/MOB-808-profile,src/graphql/resolvers/userResolver.js,v8w9x0y1z2a3,MR-8008,User profile resolvers,312,JavaScript,2025-02-26,mobile.lead@company.com
STORY,EPIC-008,Mobile App Backend,,,,,,,,,,,,,TDD-008,,,,,,,"Mobile-Specific Optimizations",MOB-809,Mobile backend integration tests,Task,To Do,8,unassigned,Sprint-27,GraphQL query tests;Mutation tests;Subscription tests,mobile/backend-service,feature/MOB-809-tests,tests/graphql.test.js,pending,pending,GraphQL integration tests,0,JavaScript,,
EPIC,EPIC-009,Inventory Management System,Implement real-time inventory tracking with warehouse management capabilities,Planning,High,warehouse.mgr@company.com,Commerce,2025-03-01,2025-06-15,,,,,,,,,,,,,,,,,,,,,,,,,,,,,,,
ESTIMATION,EPIC-009,Inventory Management System,,,,,,,,EST-009,340,120,136,High,Medium,,,,,,,,,,,,,,,,,,,,,,,,,
TDD,EPIC-009,Inventory Management System,,,,,,,,,,,,,TDD-009,Inventory Management Technical Design,1.0,Draft,warehouse.mgr@company.com,2025-02-28,"Python,FastAPI,PostgreSQL,Redis,Kafka","order-service,catalog-service,shipping-service",Overview,,,,,,,,,,,,,,,
TDD,EPIC-009,Inventory Management System,,,,,,,,,,,,,TDD-009,Inventory Management Technical Design,1.0,Draft,warehouse.mgr@company.com,2025-02-28,"Python,FastAPI,PostgreSQL,Redis,Kafka","order-service,catalog-service,shipping-service",Stock Management,,,,,,,,,,,,,,,
TDD,EPIC-009,Inventory Management System,,,,,,,,,,,,,TDD-009,Inventory Management Technical Design,1.0,Draft,warehouse.mgr@company.com,2025-02-28,"Python,FastAPI,PostgreSQL,Redis,Kafka","order-service,catalog-service,shipping-service",Warehouse Operations,,,,,,,,,,,,,,,
TDD,EPIC-009,Inventory Management System,,,,,,,,,,,,,TDD-009,Inventory Management Technical Design,1.0,Draft,warehouse.mgr@company.com,2025-02-28,"Python,FastAPI,PostgreSQL,Redis,Kafka","order-service,catalog-service,shipping-service",Reservation System,,,,,,,,,,,,,,,
TDD,EPIC-009,Inventory Management System,,,,,,,,,,,,,TDD-009,Inventory Management Technical Design,1.0,Draft,warehouse.mgr@company.com,2025-02-28,"Python,FastAPI,PostgreSQL,Redis,Kafka","order-service,catalog-service,shipping-service",Reporting and Analytics,,,,,,,,,,,,,,,
STORY,EPIC-009,Inventory Management System,,,,,,,,,,,,,TDD-009,,,,,,,"Stock Management",INV-901,Create inventory database schema,Task,To Do,8,unassigned,Sprint-28,Stock levels table;Location tracking;Movement history,commerce/inventory-service,feature/INV-901-schema,db/migrations/001_create_inventory.sql,pending,pending,Inventory database schema,0,SQL,,
STORY,EPIC-009,Inventory Management System,,,,,,,,,,,,,TDD-009,,,,,,,"Stock Management",INV-902,Implement stock level API,Feature,To Do,13,unassigned,Sprint-28,Get/Update stock levels;Bulk updates;Low stock alerts,commerce/inventory-service,feature/INV-902-stock,src/controllers/stockController.py,pending,pending,Stock level API endpoints,0,Python,,
STORY,EPIC-009,Inventory Management System,,,,,,,,,,,,,TDD-009,,,,,,,"Reservation System",INV-903,Build reservation service,Feature,To Do,13,unassigned,Sprint-29,Reserve stock for orders;Auto-release expired;Reservation timeout,commerce/inventory-service,feature/INV-903-reservation,src/services/reservationService.py,pending,pending,Stock reservation service,0,Python,,
STORY,EPIC-009,Inventory Management System,,,,,,,,,,,,,TDD-009,,,,,,,"Warehouse Operations",INV-904,Implement receiving workflow,Feature,To Do,13,unassigned,Sprint-29,PO receiving;Quality check;Put-away assignments,commerce/inventory-service,feature/INV-904-receiving,src/services/receivingService.py,pending,pending,Warehouse receiving workflow,0,Python,,
STORY,EPIC-009,Inventory Management System,,,,,,,,,,,,,TDD-009,,,,,,,"Warehouse Operations",INV-905,Build picking and packing workflow,Feature,To Do,13,unassigned,Sprint-30,Pick list generation;Wave picking;Pack station integration,commerce/inventory-service,feature/INV-905-picking,src/services/pickingService.py,pending,pending,Pick and pack workflow,0,Python,,
STORY,EPIC-009,Inventory Management System,,,,,,,,,,,,,TDD-009,,,,,,,"Stock Management",INV-906,Implement cycle counting,Feature,To Do,8,unassigned,Sprint-30,Count scheduling;Variance tracking;Adjustment workflow,commerce/inventory-service,feature/INV-906-counting,src/services/cycleCountService.py,pending,pending,Cycle counting service,0,Python,,
STORY,EPIC-009,Inventory Management System,,,,,,,,,,,,,TDD-009,,,,,,,"Reporting and Analytics",INV-907,Create inventory reports,Feature,To Do,8,unassigned,Sprint-31,Stock value report;Movement report;Aging analysis,commerce/inventory-service,feature/INV-907-reports,src/services/reportService.py,pending,pending,Inventory reporting service,0,Python,,
EPIC,EPIC-010,CI/CD Pipeline Modernization,Upgrade build and deployment pipelines with improved testing and security scanning,In Progress,High,devops.lead@company.com,Infrastructure,2025-02-01,2025-04-15,,,,,,,,,,,,,,,,,,,,,,,,,,,,,,,
ESTIMATION,EPIC-010,CI/CD Pipeline Modernization,,,,,,,,EST-010,160,40,55,Medium,Medium,,,,,,,,,,,,,,,,,,,,,,,,,
TDD,EPIC-010,CI/CD Pipeline Modernization,,,,,,,,,,,,,TDD-010,CI/CD Modernization Technical Design,2.0,Approved,devops.lead@company.com,2025-01-28,"GitHub Actions,ArgoCD,Terraform,Docker,Trivy,SonarQube","all-services",Overview,,,,,,,,,,,,,,,
TDD,EPIC-010,CI/CD Pipeline Modernization,,,,,,,,,,,,,TDD-010,CI/CD Modernization Technical Design,2.0,Approved,devops.lead@company.com,2025-01-28,"GitHub Actions,ArgoCD,Terraform,Docker,Trivy,SonarQube","all-services",Build Pipeline,,,,,,,,,,,,,,,
TDD,EPIC-010,CI/CD Pipeline Modernization,,,,,,,,,,,,,TDD-010,CI/CD Modernization Technical Design,2.0,Approved,devops.lead@company.com,2025-01-28,"GitHub Actions,ArgoCD,Terraform,Docker,Trivy,SonarQube","all-services",Security Scanning,,,,,,,,,,,,,,,
TDD,EPIC-010,CI/CD Pipeline Modernization,,,,,,,,,,,,,TDD-010,CI/CD Modernization Technical Design,2.0,Approved,devops.lead@company.com,2025-01-28,"GitHub Actions,ArgoCD,Terraform,Docker,Trivy,SonarQube","all-services",GitOps Deployment,,,,,,,,,,,,,,,
TDD,EPIC-010,CI/CD Pipeline Modernization,,,,,,,,,,,,,TDD-010,CI/CD Modernization Technical Design,2.0,Approved,devops.lead@company.com,2025-01-28,"GitHub Actions,ArgoCD,Terraform,Docker,Trivy,SonarQube","all-services",Environment Management,,,,,,,,,,,,,,,
STORY,EPIC-010,CI/CD Pipeline Modernization,,,,,,,,,,,,,TDD-010,,,,,,,"Build Pipeline",CICD-1001,Create reusable GitHub Actions workflows,Task,Done,13,devops.eng@company.com,Sprint-24,Build workflow;Test workflow;Deploy workflow,infrastructure/ci-templates,feature/CICD-1001-workflows,.github/workflows/build.yml,w9x0y1z2a3b4,MR-10001,Reusable GHA workflows,456,YAML,2025-02-15,devops.lead@company.com
STORY,EPIC-010,CI/CD Pipeline Modernization,,,,,,,,,,,,,TDD-010,,,,,,,"Security Scanning",CICD-1002,Integrate Trivy container scanning,Task,Done,5,security.eng@company.com,Sprint-24,Scan on build;Block high severity;SBOM generation,infrastructure/ci-templates,feature/CICD-1002-trivy,.github/workflows/security-scan.yml,x0y1z2a3b4c5,MR-10002,Trivy scanning workflow,89,YAML,2025-02-16,devops.lead@company.com
STORY,EPIC-010,CI/CD Pipeline Modernization,,,,,,,,,,,,,TDD-010,,,,,,,"Security Scanning",CICD-1003,Integrate SonarQube code analysis,Task,Done,8,security.eng@company.com,Sprint-25,Quality gates;Coverage reporting;Security hotspots,infrastructure/ci-templates,feature/CICD-1003-sonar,.github/workflows/code-quality.yml,y1z2a3b4c5d6,MR-10003,SonarQube integration,134,YAML,2025-02-20,devops.lead@company.com
STORY,EPIC-010,CI/CD Pipeline Modernization,,,,,,,,,,,,,TDD-010,,,,,,,"GitOps Deployment",CICD-1004,Setup ArgoCD for GitOps,Task,Done,13,devops.eng@company.com,Sprint-25,ArgoCD deployed;App-of-apps pattern;Auto-sync enabled,infrastructure/argocd,feature/CICD-1004-argocd,argocd/applications/root-app.yaml,z2a3b4c5d6e7,MR-10004,ArgoCD configuration,234,YAML,2025-02-22,devops.lead@company.com
STORY,EPIC-010,CI/CD Pipeline Modernization,,,,,,,,,,,,,TDD-010,,,,,,,"GitOps Deployment",CICD-1005,Create application manifests,Task,In Progress,8,devops.eng@company.com,Sprint-26,Kustomize overlays;Environment configs;Secrets management,infrastructure/argocd,feature/CICD-1005-manifests,argocd/apps/auth-service/kustomization.yaml,a3b4c5d6e7f8,MR-10005,Application Kustomize configs,345,YAML,2025-02-26,devops.lead@company.com
STORY,EPIC-010,CI/CD Pipeline Modernization,,,,,,,,,,,,,TDD-010,,,,,,,"Environment Management",CICD-1006,Setup environment promotion workflow,Task,To Do,8,unassigned,Sprint-27,Dev to staging to prod;Approval gates;Rollback support,infrastructure/ci-templates,feature/CICD-1006-promotion,.github/workflows/promote.yml,pending,pending,Environment promotion workflow,0,YAML,,
STORY,EPIC-010,CI/CD Pipeline Modernization,,,,,,,,,,,,,TDD-010,,,,,,,"Build Pipeline",CICD-1007,Document pipeline standards,Task,In Progress,3,tech.writer@company.com,Sprint-26,Developer guide;Troubleshooting guide;Best practices,infrastructure/docs,feature/CICD-1007-docs,docs/ci-cd-guide.md,b4c5d6e7f8g9,MR-10006,CI/CD documentation,156,Markdown,2025-02-27,devops.lead@company.com
